fremd,pints,ablow,gucky
acned,rifty,gowks,plumb
acned,flirt,gowks,bumpy
acred,swift,klong,bumpy
acred,flint,gowks,bumpy
acred,nifty,gowks,plumb
acrid,wefts,klong,bumpy
admen,swift,brock,gulpy
admin,wefts,brock,gulpy
adorn,wefts,blimp,gucky
afrit,wynds,gecko,plumb
afrit,wynds,embog,pluck
after,sownd,blimp,gucky
after,dings,womby,pluck
after,wynds,block,guimp
after,windy,block,gumps
after,downs,blimp,gucky
grind,wefts,album,pocky
amend,swift,brock,gulpy
grind,wefts,amply,bucko
amrit,wynds,befog,pluck
andro,wefts,blimp,gucky
antsy,wifed,block,grump
arced,flint,gowks,bumpy
arced,nifty,gowks,plumb
arced,swift,klong,bumpy
artic,fendy,gowks,plumb
awned,strig,flock,bumpy
awned,fisty,block,grump
awned,girts,flock,bumpy
awned,flirt,gymps,bucko
awned,forts,blimp,gucky
awned,grits,flock,bumpy
awned,rifty,block,gumps
awned,frost,blimp,gucky
awned,grist,flock,bumpy
awned,trigs,flock,bumpy
drown,metif,backs,gulpy
metif,rownd,backs,gulpy
fecit,sownd,balky,grump
tronc,wifed,balky,gumps
fecit,rownd,balky,gumps
downs,fecit,balky,grump
coden,swift,balky,grump
frond,twice,balky,gumps
coned,swift,balky,grump
fonds,twice,balky,grump
drown,fecit,balky,gumps
drown,fecit,gymps,baulk
fecit,rownd,gymps,baulk
frond,twice,gymps,baulk
tronc,wifed,gymps,baulk
frond,metic,bawks,gulpy
fremd,ontic,bawks,gulpy
demic,front,bawks,gulpy
front,medic,bawks,gulpy
fremd,tonic,bawks,gulpy
marts,windy,befog,pluck
drawn,stimy,befog,pluck
trams,windy,befog,pluck
draws,minty,befog,pluck
smart,windy,befog,pluck
drams,twiny,befog,pluck
drawn,misty,befog,pluck
minty,sward,befog,pluck
minty,wards,befog,pluck
dawns,flirt,begum,pocky
clits,frond,begum,pawky
downs,rifty,begum,plack
flint,sward,begum,pocky
rifty,sownd,begum,plack
drony,swift,begum,plack
frost,windy,begum,plack
drows,nifty,begum,plack
flint,wards,begum,pocky
flint,scrod,begum,pawky
fands,twirl,begum,pocky
fords,twiny,begum,plack
nifty,words,begum,plack
clint,fyrds,begum,kapow
nifty,sword,begum,plack
drawn,lifts,begum,pocky
drown,fisty,begum,plack
cords,flint,begum,pawky
clint,fords,begum,pawky
fisty,rownd,begum,plack
forts,windy,begum,plack
flirt,wands,begum,pocky
draws,flint,begum,pocky
drawn,flits,begum,pocky
bends,toric,flump,gawky
bents,doric,flump,gawky
bents,fiord,clump,gawky
besit,frond,clump,gawky
besti,frond,clump,gawky
betid,crons,flump,gawky
betid,frons,clump,gawky
betid,corns,flump,gawky
betid,scorn,flump,gawky
bider,fonts,clump,gawky
bides,tronc,flump,gawky
bides,front,clump,gawky
bidet,corns,flump,gawky
bidet,scorn,flump,gawky
bidet,frons,clump,gawky
bidet,crons,flump,gawky
fremd,stown,bigly,pucka
fremd,wonts,bigly,pucka
fremd,towns,bigly,pucka
fremd,nowts,bigly,pucka
fremd,towns,bilgy,pucka
fremd,nowts,bilgy,pucka
fremd,stown,bilgy,pucka
fremd,wonts,bilgy,pucka
binds,fetor,clump,gawky
binds,ofter,clump,gawky
binds,recto,flump,gawky
binds,forte,clump,gawky
bints,fremd,gawcy,plouk
bints,cored,flump,gawky
bints,decor,flump,gawky
bints,coder,flump,gawky
bints,fremd,wacko,gulpy
bints,credo,flump,gawky
birds,conte,flump,gawky
birds,often,clump,gawky
birds,cento,flump,gawky
birds,oncet,flump,gawky
biter,fonds,clump,gawky
bites,frond,clump,gawky
forte,windy,black,gumps
fisty,nowed,black,grump
minor,wefts,black,pudgy
dowts,ferny,black,guimp
festy,rownd,black,guimp
festy,indow,black,grump
finos,wyted,black,grump
nifty,rowed,black,gumps
stony,wifed,black,grump
edify,wonts,black,grump
fisty,owned,black,grump
edify,stown,black,grump
doyen,swift,black,grump
metif,sworn,black,pudgy
fonds,twyer,black,guimp
fendy,worst,black,guimp
dower,nifty,black,gumps
fendy,rowts,black,guimp
frond,stewy,black,guimp
deify,stown,black,grump
fermi,wonts,black,pudgy
forte,wynds,black,guimp
edify,nowts,black,grump
endow,fisty,black,grump
deify,wonts,black,grump
indow,treyf,black,gumps
fendy,trows,black,guimp
foins,wyted,black,grump
moner,swift,black,pudgy
owned,rifty,black,gumps
drony,wefts,black,guimp
fendy,worts,black,guimp
infos,wyted,black,grump
downs,treyf,black,guimp
deify,nowts,black,grump
sownd,treyf,black,guimp
ofter,wynds,black,guimp
nifty,sowed,black,grump
fermi,stown,black,pudgy
morne,swift,black,pudgy
fermi,nowts,black,pudgy
fermi,towns,black,pudgy
dowse,nifty,black,grump
noyed,swift,black,grump
ofter,windy,black,gumps
edify,towns,black,grump
swerf,timon,black,pudgy
frond,wytes,black,guimp
fetor,wynds,black,guimp
metif,wynds,black,group
enorm,swift,black,pudgy
deify,towns,black,grump
nowed,rifty,black,gumps
feods,twiny,black,grump
endow,rifty,black,gumps
fendy,strow,black,guimp
frons,wyted,black,guimp
fetor,windy,black,gumps
drown,festy,black,guimp
downs,feart,blimp,gucky
snarf,towed,blimp,gucky
draft,owsen,blimp,gucky
frats,nowed,blimp,gucky
frate,sownd,blimp,gucky
owned,rafts,blimp,gucky
drown,feats,blimp,gucky
fared,stown,blimp,gucky
dawen,frost,blimp,gucky
drown,festa,blimp,gucky
fonds,water,blimp,gucky
fates,rownd,blimp,gucky
fands,twoer,blimp,gucky
draws,often,blimp,gucky
feart,sownd,blimp,gucky
sownd,trefa,blimp,gucky
nowed,rafts,blimp,gucky
draft,sowne,blimp,gucky
fands,wrote,blimp,gucky
deaws,front,blimp,gucky
endow,rafts,blimp,gucky
fader,towns,blimp,gucky
frons,tawed,blimp,gucky
fonds,tawer,blimp,gucky
drown,fetas,blimp,gucky
fared,wonts,blimp,gucky
fetor,wands,blimp,gucky
frond,sweat,blimp,gucky
feast,rownd,blimp,gucky
fonts,wared,blimp,gucky
dewan,frost,blimp,gucky
ofter,wands,blimp,gucky
frats,owned,blimp,gucky
feats,rownd,blimp,gucky
forte,wands,blimp,gucky
frond,wetas,blimp,gucky
fader,nowts,blimp,gucky
dawns,forte,blimp,gucky
farts,nowed,blimp,gucky
front,wades,blimp,gucky
fader,wonts,blimp,gucky
fetas,rownd,blimp,gucky
fated,sworn,blimp,gucky
festa,rownd,blimp,gucky
fared,towns,blimp,gucky
dawen,forts,blimp,gucky
drown,fates,blimp,gucky
frond,twaes,blimp,gucky
often,sward,blimp,gucky
frond,tawse,blimp,gucky
often,wards,blimp,gucky
endow,frats,blimp,gucky
dewan,forts,blimp,gucky
fared,nowts,blimp,gucky
frost,waned,blimp,gucky
defat,sworn,blimp,gucky
downs,frate,blimp,gucky
endow,farts,blimp,gucky
draft,enows,blimp,gucky
downs,trefa,blimp,gucky
dawns,fetor,blimp,gucky
dewar,fonts,blimp,gucky
fader,stown,blimp,gucky
dowts,frena,blimp,gucky
freon,wadts,blimp,gucky
farts,owned,blimp,gucky
fonts,wader,blimp,gucky
dawts,freon,blimp,gucky
fands,tower,blimp,gucky
forts,waned,blimp,gucky
fonds,wrate,blimp,gucky
drown,feast,blimp,gucky
front,sawed,blimp,gucky
radon,wefts,blimp,gucky
dawns,ofter,blimp,gucky
frond,waste,blimp,gucky
festa,windy,block,grump
dewan,rifty,block,gumps
draft,winey,block,gumps
feart,wynds,block,guimp
dawts,ferny,block,guimp
feast,windy,block,grump
fades,twiny,block,grump
safed,twiny,block,grump
rifty,waned,block,gumps
fermi,wants,block,pudgy
ferms,witan,block,pudgy
metif,warns,block,pudgy
fisty,waned,block,grump
ferms,twain,block,pudgy
diwan,treyf,block,gumps
minar,wefts,block,pudgy
enarm,swift,block,pudgy
denay,swift,block,grump
deify,wants,block,grump
fendy,waits,block,grump
feart,windy,block,gumps
tyran,wifed,block,gumps
dawns,treyf,block,guimp
namer,swift,block,pudgy
fendy,straw,block,guimp
treyf,wands,block,guimp
dewan,fisty,block,grump
drawn,festy,block,guimp
infra,wyted,block,gumps
dawen,fisty,block,grump
nifty,wades,block,grump
dewar,nifty,block,gumps
randy,wefts,block,guimp
inarm,wefts,block,pudgy
naifs,wyted,block,grump
swerf,tamin,block,pudgy
fendy,wrast,block,guimp
dawen,rifty,block,gumps
fader,twiny,block,gumps
tansy,wifed,block,grump
frate,windy,block,gumps
metif,rawns,block,pudgy
fared,twiny,block,gumps
draft,newsy,block,guimp
fendy,warst,block,guimp
fremd,pints,block,wagyu
trefa,windy,block,gumps
fendy,waist,block,grump
deaws,nifty,block,grump
snarf,wyted,block,guimp
nifty,sawed,block,grump
fremd,twiny,block,gaups
ferny,wadts,block,guimp
ramin,wefts,block,pudgy
firms,wyted,block,punga
edify,wants,block,grump
fendy,warts,block,guimp
frate,wynds,block,guimp
daynt,swerf,block,guimp
nasty,wifed,block,grump
daynt,wifes,block,grump
reman,swift,block,pudgy
diwan,festy,block,grump
ramen,swift,block,pudgy
fains,wyted,block,grump
fands,twyer,block,guimp
feats,windy,block,grump
fates,windy,block,grump
fetas,windy,block,grump
nifty,wader,block,gumps
trefa,wynds,block,guimp
matin,swerf,block,pudgy
fendy,swart,block,guimp
nifty,wared,block,gumps
fremd,twiny,blogs,pucka
fremd,tings,blowy,pucka
fremd,sting,blowy,pucka
fyrds,twice,blunk,gompa
decry,swift,blunk,gompa
dicty,swerf,blunk,gompa
cyder,swift,blunk,gompa
fremd,twain,bocks,gulpy
drawn,metif,bocks,gulpy
fremd,witan,bocks,gulpy
firms,wyted,bogan,pluck
clint,fremd,bogus,pawky
fremd,twiny,bogus,plack
metif,wynds,bourg,plack
drawn,metif,boygs,pluck
fremd,witan,boygs,pluck
fremd,twain,boygs,pluck
monde,swift,brack,gulpy
demon,swift,brack,gulpy
downs,metif,brack,gulpy
metif,sownd,brack,gulpy
breds,ontic,flump,gawky
breds,tonic,flump,gawky
breid,fonts,clump,gawky
brens,dicot,flump,gawky
brent,fidos,clump,gawky
brent,disco,flump,gawky
brent,foids,clump,gawky
brent,sodic,flump,gawky
bride,fonts,clump,gawky
brins,coted,flump,gawky
brits,coden,flump,gawky
brits,coned,flump,gawky
metif,wands,brock,gulpy
dawns,metif,brock,gulpy
maned,swift,brock,gulpy
deman,swift,brock,gulpy
menad,swift,brock,gulpy
named,swift,brock,gulpy
mandi,wefts,brock,gulpy
dawen,flirt,gymps,bucko
lindy,wefts,gramp,bucko
dewan,flirt,gymps,bucko
flite,wynds,gramp,bucko
drawn,felts,gimpy,bucko
larnt,wifed,gymps,bucko
filet,wynds,gramp,bucko
twins,fremd,pygal,bucko
fremd,linty,gawps,bucko
dwelt,infra,gymps,bucko
felts,windy,gramp,bucko
flint,wared,gymps,bucko
dewar,flint,gymps,bucko
dynel,swift,gramp,bucko
nifty,welds,gramp,bucko
lefts,windy,gramp,bucko
delft,warns,pigmy,bucko
drawn,felts,pigmy,bucko
flint,wader,gymps,bucko
grind,wefts,palmy,bucko
drawn,filet,gymps,bucko
fendy,wilts,gramp,bucko
fremd,wants,gilpy,bucko
delfs,twiny,gramp,bucko
drawn,flite,gymps,bucko
delft,rawns,pigmy,bucko
flirt,waned,gymps,bucko
drawn,lefts,pigmy,bucko
drawn,lefts,gimpy,bucko
delft,rawns,gimpy,bucko
delft,rawin,gymps,bucko
dwelt,snarf,pigmy,bucko
dwelt,snarf,gimpy,bucko
delft,warns,gimpy,bucko
fendy,twirl,gamps,bucko
drown,metif,bucks,pygal
fremd,twiny,bucks,galop
metif,rownd,bucks,pygal
fendy,twirl,bucks,gompa
fremd,tonic,pawks,bulgy
demic,front,pawks,bulgy
fremd,twain,pocks,bulgy
drown,metif,packs,bulgy
drawn,metif,pocks,bulgy
drink,wefts,campo,bulgy
frond,metic,pawks,bulgy
front,medic,pawks,bulgy
fremd,witan,pocks,bulgy
fremd,ontic,pawks,bulgy
fremd,pints,wacko,bulgy
metif,rownd,packs,bulgy
fonds,twice,gramp,bulky
drown,fecit,gamps,bulky
downs,fecit,gramp,bulky
frond,metic,gawps,bulky
grind,wefts,campo,bulky
fremd,ontic,gawps,bulky
front,medic,gawps,bulky
tronc,wifed,gamps,bulky
coden,swift,gramp,bulky
coned,swift,gramp,bulky
frond,twice,gamps,bulky
fecit,rownd,gamps,bulky
fremd,tonic,gawps,bulky
fecit,sownd,gramp,bulky
demic,front,gawps,bulky
coden,flirt,bumps,gawky
filed,tronc,bumps,gawky
flied,tronc,bumps,gawky
field,tronc,bumps,gawky
decor,flint,bumps,gawky
clied,front,bumps,gawky
delft,orcin,bumps,gawky
felid,tronc,bumps,gawky
frond,telic,bumps,gawky
corni,delft,bumps,gawky
coder,flint,bumps,gawky
credo,flint,bumps,gawky
cored,flint,bumps,gawky
coned,flirt,bumps,gawky
dirge,nowts,flack,bumpy
tings,wared,flock,bumpy
clied,front,gawks,bumpy
dinge,trows,flack,bumpy
flied,tronc,gawks,bumpy
geist,rownd,flack,bumpy
dirge,wants,flock,bumpy
drows,fecit,klang,bumpy
tings,wader,flock,bumpy
girns,towed,flack,bumpy
dings,water,flock,bumpy
cadre,flint,gowks,bumpy
dance,flirt,gowks,bumpy
grist,waned,flock,bumpy
deign,worts,flack,bumpy
owned,trigs,flack,bumpy
dregs,twain,flock,bumpy
dewan,grits,flock,bumpy
fands,twirl,gecko,bumpy
endow,trigs,flack,bumpy
deign,worst,flack,bumpy
felts,grind,wacko,bumpy
deign,strow,flack,bumpy
dirge,wonts,flack,bumpy
nowed,strig,flack,bumpy
sward,tinge,flock,bumpy
corni,delft,gawks,bumpy
drawn,geits,flock,bumpy
ridge,towns,flack,bumpy
credo,flint,gawks,bumpy
dowts,niger,flack,bumpy
drawn,tiges,flock,bumpy
decor,swift,klang,bumpy
grist,nowed,flack,bumpy
delft,grins,wacko,bumpy
dings,wrote,flack,bumpy
delft,rings,wacko,bumpy
dings,twoer,flack,bumpy
dirge,stown,flack,bumpy
scrat,wifed,klong,bumpy
dewan,girts,flock,bumpy
girts,waned,flock,bumpy
dinge,strow,flack,bumpy
dowts,grein,flack,bumpy
filed,tronc,gawks,bumpy
endow,strig,flack,bumpy
rings,towed,flack,bumpy
dewar,tings,flock,bumpy
dewan,trigs,flock,bumpy
dregs,flint,wacko,bumpy
deign,warst,flock,bumpy
dawen,strig,flock,bumpy
grind,waste,flock,bumpy
gites,rownd,flack,bumpy
dewan,strig,flock,bumpy
drawn,geist,flock,bumpy
rownd,tiges,flack,bumpy
felid,tronc,gawks,bumpy
derig,nowts,flack,bumpy
dinge,rowts,flack,bumpy
fecit,sward,klong,bumpy
derig,towns,flack,bumpy
diact,swerf,klong,bumpy
grind,tawse,flock,bumpy
drawn,lifts,gecko,bumpy
deign,warts,flock,bumpy
dawts,ering,flock,bumpy
clint,fared,gowks,bumpy
niger,wadts,flock,bumpy
scart,wifed,klong,bumpy
endow,girts,flack,bumpy
coder,swift,klang,bumpy
cored,flint,gawks,bumpy
dower,tings,flack,bumpy
dinge,straw,flock,bumpy
dawen,trigs,flock,bumpy
cardi,wefts,klong,bumpy
dowts,ering,flack,bumpy
grind,wetas,flock,bumpy
deign,trows,flack,bumpy
coder,flint,gawks,bumpy
endow,grist,flack,bumpy
fards,twice,klong,bumpy
draws,fecit,klong,bumpy
rowed,tings,flack,bumpy
dings,tawer,flock,bumpy
flirt,wands,gecko,bumpy
dregs,witan,flock,bumpy
strig,waned,flock,bumpy
grist,owned,flack,bumpy
grits,owned,flack,bumpy
rings,tawed,flock,bumpy
daric,wefts,klong,bumpy
drawn,gites,flock,bumpy
dawen,girts,flock,bumpy
trigs,waned,flock,bumpy
derig,wants,flock,bumpy
drown,tiges,flack,bumpy
flint,wards,gecko,bumpy
cedar,flint,gowks,bumpy
grein,wadts,flock,bumpy
coden,flirt,gawks,bumpy
gride,wonts,flack,bumpy
dawns,flirt,gecko,bumpy
sword,tinge,flack,bumpy
flint,raced,gowks,bumpy
cadre,swift,klong,bumpy
dinge,worst,flack,bumpy
dewar,sting,flock,bumpy
dings,tower,flack,bumpy
dings,wrate,flock,bumpy
cared,swift,klong,bumpy
delft,girns,wacko,bumpy
dowts,renig,flack,bumpy
grind,towse,flack,bumpy
geits,rownd,flack,bumpy
draws,tinge,flock,bumpy
draft,incel,gowks,bumpy
drown,gites,flack,bumpy
field,tronc,gawks,bumpy
caird,wefts,klong,bumpy
dawen,grist,flock,bumpy
ridge,wants,flock,bumpy
fords,twice,klang,bumpy
dawts,niger,flock,bumpy
decor,flint,gawks,bumpy
dawts,renig,flock,bumpy
draft,incle,gowks,bumpy
grins,tawed,flock,bumpy
ridge,stown,flack,bumpy
rowed,sting,flack,bumpy
tiger,wands,flock,bumpy
fecit,words,klang,bumpy
reign,wadts,flock,bumpy
delft,naric,gowks,bumpy
fecit,wards,klong,bumpy
girns,tawed,flock,bumpy
deign,wrast,flock,bumpy
girts,nowed,flack,bumpy
dinge,wrast,flock,bumpy
gride,wants,flock,bumpy
renig,wadts,flock,bumpy
grits,nowed,flack,bumpy
deign,rowts,flack,bumpy
dawts,grein,flock,bumpy
downs,tiger,flack,bumpy
flint,sward,gecko,bumpy
torcs,wifed,klang,bumpy
decan,flirt,gowks,bumpy
gride,stown,flack,bumpy
derig,wonts,flack,bumpy
dinge,warst,flock,bumpy
sting,wared,flock,bumpy
delft,orcin,gawks,bumpy
clint,fader,gowks,bumpy
drown,geits,flack,bumpy
fecit,sword,klang,bumpy
frond,telic,gawks,bumpy
coned,flirt,gawks,bumpy
grind,wefts,cloak,bumpy
dicot,swerf,klang,bumpy
draws,flint,gecko,bumpy
dicta,swerf,klong,bumpy
caned,flirt,gowks,bumpy
dirge,towns,flack,bumpy
dawen,grits,flock,bumpy
cared,flint,gowks,bumpy
grind,twaes,flock,bumpy
dawts,reign,flock,bumpy
doric,wefts,klang,bumpy
grins,towed,flack,bumpy
drows,tinge,flack,bumpy
dinge,worts,flack,bumpy
dowts,reign,flack,bumpy
grits,waned,flock,bumpy
cline,draft,gowks,bumpy
gride,towns,flack,bumpy
dinge,swart,flock,bumpy
raced,swift,klong,bumpy
deign,swart,flock,bumpy
dawns,tiger,flock,bumpy
endow,grits,flack,bumpy
dinge,warts,flock,bumpy
grind,sweat,flock,bumpy
owned,strig,flack,bumpy
nowts,ridge,flack,bumpy
tinge,words,flack,bumpy
gride,nowts,flack,bumpy
ridge,wonts,flack,bumpy
cored,swift,klang,bumpy
dewan,grist,flock,bumpy
nowed,trigs,flack,bumpy
drawn,flits,gecko,bumpy
drown,geist,flack,bumpy
crost,wifed,klang,bumpy
sownd,tiger,flack,bumpy
grind,lefts,wacko,bumpy
deign,straw,flock,bumpy
cairn,delft,gowks,bumpy
cedar,swift,klong,bumpy
credo,swift,klang,bumpy
girts,owned,flack,bumpy
sting,wader,flock,bumpy
ering,wadts,flock,bumpy
carts,wifed,klong,bumpy
derig,stown,flack,bumpy
tinge,wards,flock,bumpy
dower,sting,flack,bumpy
metif,words,bungy,plack
drows,metif,bungy,plack
drome,swift,bungy,plack
metif,sword,bungy,plack
morts,wifed,bungy,plack
dowts,fermi,bungy,plack
crims,delft,bungy,kapow
clits,fremd,bungy,kapow
firms,towed,bungy,plack
delft,scrim,bungy,kapow
moder,swift,bungy,plack
storm,wifed,bungy,plack
cadre,nifty,gowks,plumb
caned,rifty,gowks,plumb
canid,treyf,gowks,plumb
cared,nifty,gowks,plumb
cedar,nifty,gowks,plumb
cedis,front,gawky,plumb
cento,dribs,flump,gawky
cents,fiord,gawky,plumb
cesti,frond,gawky,plumb
cider,fonts,gawky,plumb
cides,front,gawky,plumb
cited,frons,gawky,plumb
citer,fonds,gawky,plumb
cites,frond,gawky,plumb
clits,fremd,kyang,upbow
fremd,twiny,clubs,gopak
debit,frons,clump,gawky
dribs,often,clump,gawky
fonds,tribe,clump,gawky
diebs,front,clump,gawky
fonts,rebid,clump,gawky
fonds,rebit,clump,gawky
cnida,treyf,gowks,plumb
coden,rifty,gawks,plumb
frits,coden,gawky,plumb
rifts,coden,gawky,plumb
frist,coden,gawky,plumb
first,coden,gawky,plumb
snift,coder,gawky,plumb
coder,swift,kyang,plumb
coder,nifty,gawks,plumb
grind,wefts,comby,pulka
rifts,coned,gawky,plumb
first,coned,gawky,plumb
frits,coned,gawky,plumb
coned,rifty,gawks,plumb
frist,coned,gawky,plumb
drift,cones,gawky,plumb
conte,dribs,flump,gawky
feint,cords,gawky,plumb
fient,cords,gawky,plumb
cored,swift,kyang,plumb
cored,nifty,gawks,plumb
snift,cored,gawky,plumb
corni,debts,flump,gawky
corns,debit,flump,gawky
fetid,corns,gawky,plumb
firns,coted,gawky,plumb
credo,swift,kyang,plumb
credo,nifty,gawks,plumb
snift,credo,gawky,plumb
creds,flint,pawky,gumbo
cried,fonts,gawky,plumb
crims,delft,kyang,upbow
fetid,crons,gawky,plumb
crons,debit,flump,gawky
crost,wifed,kyang,plumb
fined,crost,gawky,plumb
fiend,crost,gawky,plumb
lindy,wefts,crumb,gopak
delfs,twiny,crumb,gopak
dynel,swift,crumb,gopak
flite,wynds,crumb,gopak
lefts,windy,crumb,gopak
filet,wynds,crumb,gopak
felts,windy,crumb,gopak
fendy,wilts,crumb,gopak
nifty,welds,crumb,gopak
cyder,flint,pawks,gumbo
cyder,swift,gambo,plunk
cyder,swift,plank,gumbo
cyder,flint,gawps,kombu
cyder,faint,gowks,plumb
cyder,fitna,gowks,plumb
dance,rifty,gowks,plumb
dawns,flirt,pecky,gumbo
dawns,flirt,pombe,gucky
dawns,rifty,embog,pluck
dawns,rifty,gecko,plumb
debit,scorn,flump,gawky
debts,orcin,flump,gawky
decan,rifty,gowks,plumb
decor,nifty,gawks,plumb
decor,swift,kyang,plumb
snift,decor,gawky,plumb
decry,fitna,gowks,plumb
decry,swift,gambo,plunk
decry,faint,gowks,plumb
decry,swift,plank,gumbo
decry,flint,gawps,kombu
decry,flint,pawks,gumbo
defat,rings,womby,pluck
defat,grins,womby,pluck
defat,girns,womby,pluck
defis,tronc,gawky,plumb
deify,tronc,gawks,plumb
deign,farts,womby,pluck
deign,frats,womby,pluck
deign,rafts,womby,pluck
deign,frost,wacky,plumb
deign,forts,wacky,plumb
delfs,print,gawcy,kombu
delfs,print,wacky,gumbo
delft,rings,mawky,pubco
delft,rawns,picky,gumbo
delft,pirns,wacky,gumbo
delft,girns,mawky,pubco
delft,warns,picky,gumbo
delft,norms,gawky,pubic
delft,grins,mawky,pubco
delft,grins,womby,pucka
delft,girns,womby,pucka
delft,pirns,gawcy,kombu
delft,scrim,kyang,upbow
delft,rings,womby,pucka
delft,morns,gawky,pubic
demon,swift,plack,rugby
derig,fonts,wacky,plumb
derms,flint,gawky,pubco
derny,swift,plack,gumbo
derny,swift,gambo,pluck
diact,ferny,gowks,plumb
dicer,fonts,gawky,plumb
dices,front,gawky,plumb
dicey,front,gawks,plumb
dicot,ferny,gawks,plumb
dicot,swerf,kyang,plumb
ferns,dicot,gawky,plumb
dicta,ferny,gowks,plumb
dicts,freon,gawky,plumb
dicty,swerf,plank,gumbo
dicty,freon,gawks,plumb
dicty,ferms,klang,upbow
dicty,swerf,gambo,plunk
dicty,frena,gowks,plumb
diebs,tronc,flump,gawky
diker,fonts,gawcy,plumb
dikes,front,gawcy,plumb
dinge,frost,wacky,plumb
dinge,forts,wacky,plumb
dinge,frats,womby,pluck
dinge,rafts,womby,pluck
dinge,farts,womby,pluck
dings,trefa,womby,pluck
dings,forte,wacky,plumb
dings,treyf,wacko,plumb
dings,feart,womby,pluck
dings,frate,womby,pluck
dings,ofter,wacky,plumb
dings,fetor,wacky,plumb
dinks,fetor,gawcy,plumb
dinks,ofter,gawcy,plumb
dinks,forte,gawcy,plumb
dirge,fonts,wacky,plumb
dirke,fonts,gawcy,plumb
dirks,often,gawcy,plumb
doric,wefts,kyang,plumb
fents,doric,gawky,plumb
dower,nifty,gambs,pluck
downs,rifty,gambe,pluck
downs,metif,plack,rugby
draft,yince,gowks,plumb
draft,singe,womby,pluck
draft,segni,womby,pluck
draft,sengi,womby,pluck
drawn,lefts,picky,gumbo
drawn,lifts,pecky,gumbo
drawn,lifts,pombe,gucky
drawn,flits,pombe,gucky
drawn,fisty,embog,pluck
drawn,flits,pecky,gumbo
drawn,felts,picky,gumbo
drawn,metif,globy,pucks
drawn,fisty,gecko,plumb
draws,flint,pombe,gucky
draws,flint,pecky,gumbo
draws,nifty,embog,pluck
draws,nifty,gecko,plumb
dregs,flint,mawky,pubco
dregs,flint,womby,pucka
dregs,nifty,wacko,plumb
dregs,faint,womby,pluck
dregs,minty,flack,upbow
dregs,fitna,womby,pluck
dribs,oncet,flump,gawky
drice,fonts,gawky,plumb
drift,scone,gawky,plumb
drift,newsy,plack,gumbo
drift,onces,gawky,plumb
drift,newsy,gambo,pluck
drift,sonce,gawky,plumb
dript,newsy,flack,gumbo
drony,swift,gambe,pluck
drony,fecit,gawks,plumb
drown,fisty,gambe,pluck
drows,nifty,gambe,pluck
drows,fecit,kyang,plumb
dwelt,firms,kyang,pubco
dwelt,firms,pocky,unbag
dwelt,snarf,picky,gumbo
edict,frons,gawky,plumb
edify,tronc,gawks,plumb
flirt,wynds,embog,pucka
rafts,windy,embog,pluck
nifty,wards,embog,pluck
frati,wynds,embog,pluck
rifty,wands,embog,pluck
farts,windy,embog,pluck
iftar,wynds,embog,pluck
fards,twiny,embog,pluck
nifty,sward,embog,pluck
randy,swift,embog,pluck
frats,windy,embog,pluck
fyrds,twain,embog,pluck
fyrds,witan,embog,pluck
endow,rifty,gambs,pluck
etics,frond,gawky,plumb
fader,sting,womby,pluck
fader,tings,womby,pluck
fands,twirl,pombe,gucky
fands,tiger,womby,pluck
fands,twirl,pecky,gumbo
fards,twiny,gecko,plumb
fards,tinge,womby,pluck
fared,sting,womby,pluck
fared,tings,womby,pluck
farts,windy,gecko,plumb
fated,rings,womby,pluck
fated,grins,womby,pluck
fated,girns,womby,pluck
fates,grind,womby,pluck
feast,grind,womby,pluck
feats,grind,womby,pluck
fecit,sword,kyang,plumb
fecit,words,kyang,plumb
fecit,randy,gowks,plumb
feint,scrod,gawky,plumb
felts,grind,womby,pucka
felts,grind,mawky,pubco
fends,toric,gawky,plumb
fendy,twirl,gambo,pucks
fendy,triac,gowks,plumb
fendy,toric,gawks,plumb
fendy,trigs,wacko,plumb
wrist,fendy,plack,gumbo
fendy,grist,wacko,plumb
fendy,strig,wacko,plumb
writs,fendy,plack,gumbo
writs,fendy,gambo,pluck
fendy,twirl,packs,gumbo
wrist,fendy,gambo,pluck
fendy,grits,wacko,plumb
fendy,girts,wacko,plumb
festa,grind,womby,pluck
festy,grind,wacko,plumb
fetas,grind,womby,pluck
fetid,scorn,gawky,plumb
fetor,kinds,gawcy,plumb
fetor,windy,gambs,pluck
fides,tronc,gawky,plumb
fiend,torcs,gawky,plumb
fient,scrod,gawky,plumb
finds,twyer,gambo,pluck
finds,twyer,plack,gumbo
finds,recto,gawky,plumb
fined,torcs,gawky,plumb
scent,fiord,gawky,plumb
fiord,gents,wacky,plumb
fiord,kents,gawcy,plumb
firms,wyted,goban,pluck
firms,wyted,obang,pluck
firms,wyted,klang,pubco
firns,wyted,gambo,pluck
firns,wyted,plack,gumbo
fisty,rownd,gambe,pluck
prest,windy,flack,gumbo
perts,windy,flack,gumbo
spred,twiny,flack,gumbo
grids,meynt,flack,upbow
strep,windy,flack,gumbo
petri,wynds,flack,gumbo
piert,wynds,flack,gumbo
grind,styme,flack,upbow
girds,meynt,flack,upbow
pirns,wyted,flack,gumbo
tripe,wynds,flack,gumbo
perst,windy,flack,gumbo
flint,wards,pecky,gumbo
flint,spred,gawcy,kombu
flint,wards,pombe,gucky
flint,sward,pombe,gucky
flint,spred,wacky,gumbo
flint,sward,pecky,gumbo
scend,flirt,pawky,gumbo
flirt,wands,pecky,gumbo
flirt,spend,wacky,gumbo
flirt,spend,gawcy,kombu
mends,flirt,gawky,pubco
flirt,pends,gawcy,kombu
flirt,wands,pombe,gucky
flirt,pends,wacky,gumbo
fonds,kiter,gawcy,plumb
fonds,trike,gawcy,plumb
recti,fonds,gawky,plumb
fonds,tiger,wacky,plumb
trice,fonds,gawky,plumb
recit,fonds,gawky,plumb
fonts,gride,wacky,plumb
fonts,irked,gawcy,plumb
riced,fonts,gawky,plumb
fonts,ridge,wacky,plumb
fords,twiny,gambe,pluck
fords,twice,kyang,plumb
fords,tinge,wacky,plumb
forte,kinds,gawcy,plumb
forte,windy,gambs,pluck
forts,windy,gambe,pluck
forts,inked,gawcy,plumb
frati,wynds,gecko,plumb
frats,windy,gecko,plumb
freit,wynds,plack,gumbo
freit,wynds,gambo,pluck
fremd,nowts,pibal,gucky
fremd,wilts,pocky,unbag
fremd,witan,globy,pucks
fremd,linty,gawks,pubco
fremd,stoln,gawky,pubic
lints,fremd,gawky,pubco
fremd,twain,globy,pucks
twins,fremd,globy,pucka
fremd,wonts,pibal,gucky
fremd,twiny,globs,pucka
fremd,stown,pibal,gucky
fremd,wilts,kyang,pubco
fremd,towns,pibal,gucky
frets,windy,plack,gumbo
frets,windy,gambo,pluck
frond,gites,wacky,plumb
frond,tikes,gawcy,plumb
frond,smelt,gawky,pubic
frond,skite,gawcy,plumb
frond,geist,wacky,plumb
tices,frond,gawky,plumb
frond,geits,wacky,plumb
frond,melts,gawky,pubic
frond,tiges,wacky,plumb
frond,kites,gawcy,plumb
frons,kited,gawcy,plumb
ticed,frons,gawky,plumb
front,melds,gawky,pubic
front,skied,gawcy,plumb
frost,windy,gambe,pluck
frost,inked,gawcy,plumb
fyrds,tinge,wacko,plumb
fyrds,twice,plank,gumbo
fyrds,witan,gecko,plumb
fyrds,twain,gecko,plumb
fyrds,twice,gambo,plunk
twine,fyrds,gambo,pluck
twine,fyrds,plack,gumbo
fyrds,metic,klang,upbow
nifty,sword,gambe,pluck
nifty,words,gambe,pluck
rifty,sownd,gambe,pluck
treif,wynds,gambo,pluck
wends,rifty,gambo,pluck
refit,wynds,gambo,pluck
winds,treyf,gambo,pluck
rifte,wynds,gambo,pluck
rindy,wefts,gambo,pluck
nerdy,swift,gambo,pluck
terfs,windy,gambo,pluck
nifty,rowed,gambs,pluck
ofter,windy,gambs,pluck
owned,rifty,gambs,pluck
nowed,rifty,gambs,pluck
indow,treyf,gambs,pluck
metif,wynds,garbo,pluck
kinds,ofter,gawcy,plumb
rafts,windy,gecko,plumb
iftar,wynds,gecko,plumb
rifty,wands,gecko,plumb
randy,swift,gecko,plumb
nifty,wards,gecko,plumb
nifty,sward,gecko,plumb
girds,often,wacky,plumb
metif,wynds,gobar,pluck
nicad,treyf,gowks,plumb
nifty,raced,gowks,plumb
grids,often,wacky,plumb
grind,lefts,womby,pucka
grind,lefts,mawky,pubco
treif,wynds,plack,gumbo
nerdy,swift,plack,gumbo
wends,rifty,plack,gumbo
rifte,wynds,plack,gumbo
terfs,windy,plack,gumbo
rindy,wefts,plack,gumbo
winds,treyf,plack,gumbo
refit,wynds,plack,gumbo
torcs,wifed,kyang,plumb
metif,sownd,plack,rugby
monde,swift,plack,rugby
